letter;word
A;anka
A;apelsin
A;apa
A;ankare
A;ananas
A;abborre
B;båt
B;banan
B;bil
B;bok
B;broccoli
C;cykel
C;citron
C;clementin
C;champinjon
C;choklad
D;daggmask
D;delfin
D;dörr
D;dragkedja
D;dator
E;ekorre
E;eld
E;elefant
E;enhörning
F;får
F;flaska
F;fågel
F;fjäril
F;fjäder
G;gran
G;get
G;gaffel
G;gem
G;gurka
H;hare
H;haj
H;handduk
H;hammare
H;handväska
I;insekt
I;istapp
I;igelkott
I;igloo
J;jacka
J;juice
J;julgran
J;jordgubbe
J;jultomten
K;kiwi
K;katt
K;kaffe
K;kalv
K;kaktus
L;lampa
L;lamm
L;lim
L;lakrits
L;lego
M;måne
M;mus
M;maskros
M;morot
M;makaroner
N;nyckel
N;napp
N;nalle
N;nektarin
N;nypon
O;overall
O;oliv
O;oxe
O;orm
P;päron
P;planet
P;palm
P;pyjamas
P;pirat
Q;quinoa
R;räv
R;rabarber
R;ring
R;robot
R;regnbåge
S;sol
S;sallad
S;snöflinga
S;sax
S;säl
T;tax
T;tejp
T;tand
T;tofflor
T;tandkräm
U;ubåt
U;ur
U;uggla
U;utomjording
V;vulkan
V;vatten
V;vas
V;vanilj
V;val
W;wienerbröd
W;walkie-talkie
W;wc-toalett
W;wok
X;xylofon
Y;yo-yo
Y;yxa
Y;yoga
Z;zucchini
Z;zebra
Å;ål
Å;åtta
Å;åsna
Å;åska
Ä;äpple
Ä;älg
Ä;ärtor
Ä;ägg
Ä;ängel
Ö;öga
Ö;öra
Ö;ödla
Ö;öken